output/allstate_tv/output/image_vectors/AllstateTinCan720p345.jpg.npy,16
output/allstate_tv/output/image_vectors/AllstateRingBearer720p530.jpg.npy,17
output/allstate_tv/output/image_vectors/AllstateTinCan720p500.jpg.npy,15
output/allstate_tv/output/image_vectors/AllstateObservation720p275.jpg.npy,2
output/allstate_tv/output/image_vectors/AllstateParkRoadAmerica720p10.jpg.npy,5
output/allstate_tv/output/image_vectors/AllstateObservation720p100.jpg.npy,2
output/allstate_tv/output/image_vectors/AllstateRingBearer720p645.jpg.npy,17
output/allstate_tv/output/image_vectors/AllstateParkRoadAmerica720p145.jpg.npy,2
output/allstate_tv/output/image_vectors/AllstateRingBearer720p95.jpg.npy,14
output/allstate_tv/output/image_vectors/AllstateTinCan720p730.jpg.npy,16
output/allstate_tv/output/image_vectors/AllstateParkRoadAmerica720p635.jpg.npy,12
output/allstate_tv/output/image_vectors/AllstateRingBearer720p475.jpg.npy,9
output/allstate_tv/output/image_vectors/AllstateParkRoadAmerica720p260.jpg.npy,12
output/allstate_tv/output/image_vectors/AllstateObservation720p440.jpg.npy,11
output/allstate_tv/output/image_vectors/AllstateObservation720p310.jpg.npy,16
output/allstate_tv/output/image_vectors/AllstateRingBearer720p290.jpg.npy,9
output/allstate_tv/output/image_vectors/AllstateObservation720p770.jpg.npy,2
output/allstate_tv/output/image_vectors/AllstateParkRoadAmerica720p860.jpg.npy,13
output/allstate_tv/output/image_vectors/AllstateObservation720p785.jpg.npy,2
output/allstate_tv/output/image_vectors/AllstateRingBearer720p75.jpg.npy,14
output/allstate_tv/output/image_vectors/AllstateRingBearer720p315.jpg.npy,6
output/allstate_tv/output/image_vectors/AllstateObservation720p80.jpg.npy,4
output/allstate_tv/output/image_vectors/AllstateParkRoadAmerica720p810.jpg.npy,10
output/allstate_tv/output/image_vectors/AllstateParkRoadAmerica720p515.jpg.npy,12
output/allstate_tv/output/image_vectors/AllstateTinCan720p645.jpg.npy,17
output/allstate_tv/output/image_vectors/AllstateObservation720p65.jpg.npy,4
output/allstate_tv/output/image_vectors/AllstateWeddingsAreMayhem720p790.jpg.npy,16
output/allstate_tv/output/image_vectors/AllstateWeddingsAreMayhem720p525.jpg.npy,1
output/allstate_tv/output/image_vectors/AllstateRingBearer720p120.jpg.npy,14
output/allstate_tv/output/image_vectors/AllstateRingBearer720p550.jpg.npy,17
output/allstate_tv/output/image_vectors/AllstateParkRoadAmerica720p345.jpg.npy,12
output/allstate_tv/output/image_vectors/AllstateParkRoadAmerica720p745.jpg.npy,10
output/allstate_tv/output/image_vectors/AllstateRingBearer720p810.jpg.npy,8
output/allstate_tv/output/image_vectors/AllstateWeddingsAreMayhem720p820.jpg.npy,1
output/allstate_tv/output/image_vectors/AllstateTinCan720p550.jpg.npy,16
output/allstate_tv/output/image_vectors/AllstateObservation720p830.jpg.npy,4
output/allstate_tv/output/image_vectors/AllstateWeddingsAreMayhem720p200.jpg.npy,1
output/allstate_tv/output/image_vectors/AllstateParkRoadAmerica720p325.jpg.npy,12
output/allstate_tv/output/image_vectors/AllstateTinCan720p220.jpg.npy,5
output/allstate_tv/output/image_vectors/AllstateObservation720p260.jpg.npy,2
output/allstate_tv/output/image_vectors/AllstateWeddingsAreMayhem720p475.jpg.npy,7
output/allstate_tv/output/image_vectors/AllstateTinCan720p515.jpg.npy,15
output/allstate_tv/output/image_vectors/AllstateParkRoadAmerica720p735.jpg.npy,10
output/allstate_tv/output/image_vectors/AllstateRingBearer720p70.jpg.npy,3
output/allstate_tv/output/image_vectors/AllstateRingBearer720p0.jpg.npy,3
output/allstate_tv/output/image_vectors/AllstateRingBearer720p325.jpg.npy,6
output/allstate_tv/output/image_vectors/AllstateRingBearer720p735.jpg.npy,8
output/allstate_tv/output/image_vectors/AllstateTinCan720p590.jpg.npy,18
output/allstate_tv/output/image_vectors/AllstateWeddingsAreMayhem720p575.jpg.npy,18
output/allstate_tv/output/image_vectors/AllstateParkRoadAmerica720p455.jpg.npy,5
output/allstate_tv/output/image_vectors/AllstateParkRoadAmerica720p285.jpg.npy,5
output/allstate_tv/output/image_vectors/AllstateWeddingsAreMayhem720p550.jpg.npy,1
output/allstate_tv/output/image_vectors/AllstateTinCan720p195.jpg.npy,16
output/allstate_tv/output/image_vectors/AllstateObservation720p175.jpg.npy,2
output/allstate_tv/output/image_vectors/AllstateTinCan720p375.jpg.npy,15
output/allstate_tv/output/image_vectors/AllstateObservation720p650.jpg.npy,2
output/allstate_tv/output/image_vectors/AllstateTinCan720p185.jpg.npy,5
output/allstate_tv/output/image_vectors/AllstateRingBearer720p335.jpg.npy,9
output/allstate_tv/output/image_vectors/AllstateObservation720p690.jpg.npy,2
output/allstate_tv/output/image_vectors/AllstateWeddingsAreMayhem720p115.jpg.npy,18
output/allstate_tv/output/image_vectors/AllstateTinCan720p875.jpg.npy,1
output/allstate_tv/output/image_vectors/AllstateRingBearer720p555.jpg.npy,17
output/allstate_tv/output/image_vectors/AllstateTinCan720p605.jpg.npy,5
output/allstate_tv/output/image_vectors/AllstateParkRoadAmerica720p875.jpg.npy,13
output/allstate_tv/output/image_vectors/AllstateParkRoadAmerica720p895.jpg.npy,13
output/allstate_tv/output/image_vectors/AllstateRingBearer720p375.jpg.npy,9
output/allstate_tv/output/image_vectors/AllstateParkRoadAmerica720p820.jpg.npy,13
output/allstate_tv/output/image_vectors/AllstateRingBearer720p100.jpg.npy,14
output/allstate_tv/output/image_vectors/AllstateObservation720p805.jpg.npy,2
output/allstate_tv/output/image_vectors/AllstateObservation720p170.jpg.npy,2
output/allstate_tv/output/image_vectors/AllstateWeddingsAreMayhem720p335.jpg.npy,1
output/allstate_tv/output/image_vectors/AllstateWeddingsAreMayhem720p65.jpg.npy,17
output/allstate_tv/output/image_vectors/AllstateTinCan720p10.jpg.npy,4
output/allstate_tv/output/image_vectors/AllstateParkRoadAmerica720p560.jpg.npy,12
output/allstate_tv/output/image_vectors/AllstateRingBearer720p145.jpg.npy,14
output/allstate_tv/output/image_vectors/AllstateParkRoadAmerica720p20.jpg.npy,5
output/allstate_tv/output/image_vectors/AllstateWeddingsAreMayhem720p315.jpg.npy,17
output/allstate_tv/output/image_vectors/AllstateObservation720p725.jpg.npy,4
output/allstate_tv/output/image_vectors/AllstateParkRoadAmerica720p100.jpg.npy,5
output/allstate_tv/output/image_vectors/AllstateWeddingsAreMayhem720p535.jpg.npy,1
output/allstate_tv/output/image_vectors/AllstateParkRoadAmerica720p785.jpg.npy,10
output/allstate_tv/output/image_vectors/AllstateTinCan720p520.jpg.npy,15
output/allstate_tv/output/image_vectors/AllstateRingBearer720p790.jpg.npy,8
output/allstate_tv/output/image_vectors/AllstateParkRoadAmerica720p0.jpg.npy,1
output/allstate_tv/output/image_vectors/AllstateParkRoadAmerica720p525.jpg.npy,12
output/allstate_tv/output/image_vectors/AllstateObservation720p280.jpg.npy,2
output/allstate_tv/output/image_vectors/AllstateTinCan720p625.jpg.npy,17
output/allstate_tv/output/image_vectors/AllstateRingBearer720p130.jpg.npy,14
output/allstate_tv/output/image_vectors/AllstateTinCan720p530.jpg.npy,15
output/allstate_tv/output/image_vectors/AllstateWeddingsAreMayhem720p0.jpg.npy,17
output/allstate_tv/output/image_vectors/AllstateParkRoadAmerica720p90.jpg.npy,16
output/allstate_tv/output/image_vectors/AllstateWeddingsAreMayhem720p515.jpg.npy,1
output/allstate_tv/output/image_vectors/AllstateTinCan720p285.jpg.npy,15
output/allstate_tv/output/image_vectors/AllstateWeddingsAreMayhem720p745.jpg.npy,1
output/allstate_tv/output/image_vectors/AllstateTinCan720p505.jpg.npy,15
output/allstate_tv/output/image_vectors/AllstateWeddingsAreMayhem720p190.jpg.npy,1
output/allstate_tv/output/image_vectors/AllstateParkRoadAmerica720p200.jpg.npy,5
output/allstate_tv/output/image_vectors/AllstateRingBearer720p730.jpg.npy,8
output/allstate_tv/output/image_vectors/AllstateTinCan720p860.jpg.npy,1
output/allstate_tv/output/image_vectors/AllstateParkRoadAmerica720p115.jpg.npy,5
output/allstate_tv/output/image_vectors/AllstateWeddingsAreMayhem720p425.jpg.npy,7
output/allstate_tv/output/image_vectors/AllstateWeddingsAreMayhem720p400.jpg.npy,3
output/allstate_tv/output/image_vectors/AllstateParkRoadAmerica720p50.jpg.npy,5
output/allstate_tv/output/image_vectors/AllstateWeddingsAreMayhem720p680.jpg.npy,18
output/allstate_tv/output/image_vectors/AllstateParkRoadAmerica720p675.jpg.npy,10
output/allstate_tv/output/image_vectors/AllstateRingBearer720p50.jpg.npy,3
output/allstate_tv/output/image_vectors/AllstateTinCan720p540.jpg.npy,16
output/allstate_tv/output/image_vectors/AllstateTinCan720p45.jpg.npy,16
output/allstate_tv/output/image_vectors/AllstateRingBearer720p355.jpg.npy,9
output/allstate_tv/output/image_vectors/AllstateParkRoadAmerica720p535.jpg.npy,12
output/allstate_tv/output/image_vectors/AllstateParkRoadAmerica720p825.jpg.npy,13
output/allstate_tv/output/image_vectors/AllstateWeddingsAreMayhem720p510.jpg.npy,1
output/allstate_tv/output/image_vectors/AllstateRingBearer720p60.jpg.npy,3
output/allstate_tv/output/image_vectors/AllstateObservation720p225.jpg.npy,2
output/allstate_tv/output/image_vectors/AllstateParkRoadAmerica720p355.jpg.npy,12
output/allstate_tv/output/image_vectors/AllstateObservation720p450.jpg.npy,11
output/allstate_tv/output/image_vectors/AllstateObservation720p325.jpg.npy,4
output/allstate_tv/output/image_vectors/AllstateParkRoadAmerica720p665.jpg.npy,10
output/allstate_tv/output/image_vectors/AllstateParkRoadAmerica720p645.jpg.npy,12
output/allstate_tv/output/image_vectors/AllstateTinCan720p880.jpg.npy,1
output/allstate_tv/output/image_vectors/AllstateRingBearer720p695.jpg.npy,8
output/allstate_tv/output/image_vectors/AllstateObservation720p595.jpg.npy,2
output/allstate_tv/output/image_vectors/AllstateTinCan720p170.jpg.npy,18
output/allstate_tv/output/image_vectors/AllstateParkRoadAmerica720p790.jpg.npy,10
output/allstate_tv/output/image_vectors/AllstateTinCan720p695.jpg.npy,18
output/allstate_tv/output/image_vectors/AllstateTinCan720p740.jpg.npy,16
output/allstate_tv/output/image_vectors/AllstateRingBearer720p630.jpg.npy,17
output/allstate_tv/output/image_vectors/AllstateRingBearer720p830.jpg.npy,8
output/allstate_tv/output/image_vectors/AllstateObservation720p525.jpg.npy,11
output/allstate_tv/output/image_vectors/AllstateRingBearer720p400.jpg.npy,6
output/allstate_tv/output/image_vectors/AllstateParkRoadAmerica720p290.jpg.npy,5
output/allstate_tv/output/image_vectors/AllstateParkRoadAmerica720p175.jpg.npy,12
output/allstate_tv/output/image_vectors/AllstateRingBearer720p190.jpg.npy,3
output/allstate_tv/output/image_vectors/AllstateWeddingsAreMayhem720p715.jpg.npy,1
output/allstate_tv/output/image_vectors/AllstateWeddingsAreMayhem720p800.jpg.npy,16
output/allstate_tv/output/image_vectors/AllstateWeddingsAreMayhem720p805.jpg.npy,1
output/allstate_tv/output/image_vectors/AllstateWeddingsAreMayhem720p445.jpg.npy,7
output/allstate_tv/output/image_vectors/AllstateObservation720p245.jpg.npy,2
output/allstate_tv/output/image_vectors/AllstateParkRoadAmerica720p360.jpg.npy,12
output/allstate_tv/output/image_vectors/AllstateParkRoadAmerica720p405.jpg.npy,12
output/allstate_tv/output/image_vectors/AllstateWeddingsAreMayhem720p620.jpg.npy,16
output/allstate_tv/output/image_vectors/AllstateObservation720p470.jpg.npy,11
output/allstate_tv/output/image_vectors/AllstateObservation720p870.jpg.npy,4
output/allstate_tv/output/image_vectors/AllstateTinCan720p80.jpg.npy,16
output/allstate_tv/output/image_vectors/AllstateTinCan720p685.jpg.npy,18
output/allstate_tv/output/image_vectors/AllstateObservation720p660.jpg.npy,2
output/allstate_tv/output/image_vectors/AllstateTinCan720p310.jpg.npy,16
output/allstate_tv/output/image_vectors/AllstateRingBearer720p440.jpg.npy,6
output/allstate_tv/output/image_vectors/AllstateWeddingsAreMayhem720p840.jpg.npy,1
output/allstate_tv/output/image_vectors/AllstateRingBearer720p780.jpg.npy,8
output/allstate_tv/output/image_vectors/AllstateTinCan720p450.jpg.npy,5
output/allstate_tv/output/image_vectors/AllstateRingBearer720p750.jpg.npy,8
output/allstate_tv/output/image_vectors/AllstateTinCan720p335.jpg.npy,16
output/allstate_tv/output/image_vectors/AllstateObservation720p515.jpg.npy,11
output/allstate_tv/output/image_vectors/AllstateRingBearer720p565.jpg.npy,17
output/allstate_tv/output/image_vectors/AllstateTinCan720p230.jpg.npy,5
output/allstate_tv/output/image_vectors/AllstateRingBearer720p425.jpg.npy,6
output/allstate_tv/output/image_vectors/AllstateTinCan720p885.jpg.npy,1
output/allstate_tv/output/image_vectors/AllstateTinCan720p420.jpg.npy,3
output/allstate_tv/output/image_vectors/AllstateObservation720p165.jpg.npy,2
output/allstate_tv/output/image_vectors/AllstateParkRoadAmerica720p70.jpg.npy,5
output/allstate_tv/output/image_vectors/AllstateRingBearer720p800.jpg.npy,8
output/allstate_tv/output/image_vectors/AllstateTinCan720p340.jpg.npy,16
output/allstate_tv/output/image_vectors/AllstateTinCan720p320.jpg.npy,16
output/allstate_tv/output/image_vectors/AllstateParkRoadAmerica720p330.jpg.npy,12
output/allstate_tv/output/image_vectors/AllstateTinCan720p545.jpg.npy,16
output/allstate_tv/output/image_vectors/AllstateParkRoadAmerica720p320.jpg.npy,5
output/allstate_tv/output/image_vectors/AllstateObservation720p160.jpg.npy,2
output/allstate_tv/output/image_vectors/AllstateParkRoadAmerica720p35.jpg.npy,5
output/allstate_tv/output/image_vectors/AllstateParkRoadAmerica720p500.jpg.npy,12
output/allstate_tv/output/image_vectors/AllstateObservation720p45.jpg.npy,4
output/allstate_tv/output/image_vectors/AllstateParkRoadAmerica720p660.jpg.npy,10
output/allstate_tv/output/image_vectors/AllstateParkRoadAmerica720p220.jpg.npy,5
output/allstate_tv/output/image_vectors/AllstateTinCan720p110.jpg.npy,4
output/allstate_tv/output/image_vectors/AllstateRingBearer720p255.jpg.npy,6
output/allstate_tv/output/image_vectors/AllstateRingBearer720p275.jpg.npy,9
output/allstate_tv/output/image_vectors/AllstateParkRoadAmerica720p490.jpg.npy,12
output/allstate_tv/output/image_vectors/AllstateObservation720p645.jpg.npy,2
output/allstate_tv/output/image_vectors/AllstateRingBearer720p785.jpg.npy,8
output/allstate_tv/output/image_vectors/AllstateRingBearer720p870.jpg.npy,1
output/allstate_tv/output/image_vectors/AllstateParkRoadAmerica720p775.jpg.npy,10
output/allstate_tv/output/image_vectors/AllstateTinCan720p380.jpg.npy,15
output/allstate_tv/output/image_vectors/AllstateRingBearer720p5.jpg.npy,3
output/allstate_tv/output/image_vectors/AllstateRingBearer720p260.jpg.npy,6
output/allstate_tv/output/image_vectors/AllstateObservation720p855.jpg.npy,4
output/allstate_tv/output/image_vectors/AllstateObservation720p115.jpg.npy,2
output/allstate_tv/output/image_vectors/AllstateWeddingsAreMayhem720p105.jpg.npy,18
output/allstate_tv/output/image_vectors/AllstateObservation720p605.jpg.npy,2
output/allstate_tv/output/image_vectors/AllstateObservation720p445.jpg.npy,11
output/allstate_tv/output/image_vectors/AllstateObservation720p60.jpg.npy,4
output/allstate_tv/output/image_vectors/AllstateWeddingsAreMayhem720p310.jpg.npy,17
output/allstate_tv/output/image_vectors/AllstateRingBearer720p605.jpg.npy,17
output/allstate_tv/output/image_vectors/AllstateObservation720p335.jpg.npy,4
output/allstate_tv/output/image_vectors/AllstateRingBearer720p805.jpg.npy,8
output/allstate_tv/output/image_vectors/AllstateParkRoadAmerica720p505.jpg.npy,12
output/allstate_tv/output/image_vectors/AllstateObservation720p90.jpg.npy,4
output/allstate_tv/output/image_vectors/AllstateWeddingsAreMayhem720p330.jpg.npy,1
output/allstate_tv/output/image_vectors/AllstateWeddingsAreMayhem720p440.jpg.npy,7
output/allstate_tv/output/image_vectors/AllstateWeddingsAreMayhem720p765.jpg.npy,1
output/allstate_tv/output/image_vectors/AllstateWeddingsAreMayhem720p90.jpg.npy,17
output/allstate_tv/output/image_vectors/AllstateWeddingsAreMayhem720p35.jpg.npy,17
output/allstate_tv/output/image_vectors/AllstateObservation720p495.jpg.npy,11
output/allstate_tv/output/image_vectors/AllstateParkRoadAmerica720p315.jpg.npy,5
output/allstate_tv/output/image_vectors/AllstateParkRoadAmerica720p630.jpg.npy,0
output/allstate_tv/output/image_vectors/AllstateRingBearer720p685.jpg.npy,8
output/allstate_tv/output/image_vectors/AllstateParkRoadAmerica720p815.jpg.npy,10
output/allstate_tv/output/image_vectors/AllstateRingBearer720p140.jpg.npy,14
output/allstate_tv/output/image_vectors/AllstateRingBearer720p395.jpg.npy,6
output/allstate_tv/output/image_vectors/AllstateWeddingsAreMayhem720p770.jpg.npy,16
output/allstate_tv/output/image_vectors/AllstateParkRoadAmerica720p830.jpg.npy,13
output/allstate_tv/output/image_vectors/AllstateWeddingsAreMayhem720p705.jpg.npy,1
output/allstate_tv/output/image_vectors/AllstateTinCan720p750.jpg.npy,16
output/allstate_tv/output/image_vectors/AllstateObservation720p615.jpg.npy,2
output/allstate_tv/output/image_vectors/AllstateTinCan720p840.jpg.npy,16
output/allstate_tv/output/image_vectors/AllstateRingBearer720p235.jpg.npy,6
output/allstate_tv/output/image_vectors/AllstateObservation720p715.jpg.npy,4
output/allstate_tv/output/image_vectors/AllstateRingBearer720p825.jpg.npy,8
output/allstate_tv/output/image_vectors/AllstateWeddingsAreMayhem720p290.jpg.npy,17
output/allstate_tv/output/image_vectors/AllstateRingBearer720p210.jpg.npy,3
output/allstate_tv/output/image_vectors/AllstateRingBearer720p330.jpg.npy,9
output/allstate_tv/output/image_vectors/AllstateObservation720p410.jpg.npy,19
output/allstate_tv/output/image_vectors/AllstateObservation720p455.jpg.npy,11
output/allstate_tv/output/image_vectors/AllstateRingBearer720p775.jpg.npy,8
output/allstate_tv/output/image_vectors/AllstateRingBearer720p15.jpg.npy,3
output/allstate_tv/output/image_vectors/AllstateObservation720p140.jpg.npy,2
output/allstate_tv/output/image_vectors/AllstateParkRoadAmerica720p265.jpg.npy,12
output/allstate_tv/output/image_vectors/AllstateTinCan720p670.jpg.npy,18
output/allstate_tv/output/image_vectors/AllstateWeddingsAreMayhem720p610.jpg.npy,16
output/allstate_tv/output/image_vectors/AllstateParkRoadAmerica720p585.jpg.npy,0
output/allstate_tv/output/image_vectors/AllstateTinCan720p800.jpg.npy,16
output/allstate_tv/output/image_vectors/AllstateWeddingsAreMayhem720p885.jpg.npy,1
output/allstate_tv/output/image_vectors/AllstateTinCan720p710.jpg.npy,18
output/allstate_tv/output/image_vectors/AllstateWeddingsAreMayhem720p220.jpg.npy,6
output/allstate_tv/output/image_vectors/AllstateTinCan720p560.jpg.npy,16
output/allstate_tv/output/image_vectors/AllstateObservation720p475.jpg.npy,11
output/allstate_tv/output/image_vectors/AllstateObservation720p155.jpg.npy,2
output/allstate_tv/output/image_vectors/AllstateObservation720p900.jpg.npy,4
output/allstate_tv/output/image_vectors/AllstateRingBearer720p345.jpg.npy,9
output/allstate_tv/output/image_vectors/AllstateTinCan720p365.jpg.npy,15
output/allstate_tv/output/image_vectors/AllstateObservation720p535.jpg.npy,11
output/allstate_tv/output/image_vectors/AllstateParkRoadAmerica720p180.jpg.npy,12
output/allstate_tv/output/image_vectors/AllstateParkRoadAmerica720p485.jpg.npy,12
output/allstate_tv/output/image_vectors/AllstateWeddingsAreMayhem720p860.jpg.npy,1
output/allstate_tv/output/image_vectors/AllstateObservation720p500.jpg.npy,11
output/allstate_tv/output/image_vectors/AllstateParkRoadAmerica720p150.jpg.npy,2
output/allstate_tv/output/image_vectors/AllstateTinCan720p70.jpg.npy,16
output/allstate_tv/output/image_vectors/AllstateWeddingsAreMayhem720p785.jpg.npy,16
output/allstate_tv/output/image_vectors/AllstateTinCan720p155.jpg.npy,18
output/allstate_tv/output/image_vectors/AllstateParkRoadAmerica720p160.jpg.npy,2
output/allstate_tv/output/image_vectors/AllstateRingBearer720p470.jpg.npy,9
output/allstate_tv/output/image_vectors/AllstateParkRoadAmerica720p865.jpg.npy,13
output/allstate_tv/output/image_vectors/AllstateObservation720p195.jpg.npy,2
output/allstate_tv/output/image_vectors/AllstateRingBearer720p85.jpg.npy,14
output/allstate_tv/output/image_vectors/AllstateWeddingsAreMayhem720p585.jpg.npy,18
output/allstate_tv/output/image_vectors/AllstateRingBearer720p390.jpg.npy,6
output/allstate_tv/output/image_vectors/AllstateParkRoadAmerica720p520.jpg.npy,12
output/allstate_tv/output/image_vectors/AllstateWeddingsAreMayhem720p375.jpg.npy,3
output/allstate_tv/output/image_vectors/AllstateTinCan720p835.jpg.npy,16
output/allstate_tv/output/image_vectors/AllstateTinCan720p890.jpg.npy,1
output/allstate_tv/output/image_vectors/AllstateObservation720p380.jpg.npy,19
output/allstate_tv/output/image_vectors/AllstateRingBearer720p175.jpg.npy,3
output/allstate_tv/output/image_vectors/AllstateObservation720p750.jpg.npy,2
output/allstate_tv/output/image_vectors/AllstateObservation720p145.jpg.npy,2
output/allstate_tv/output/image_vectors/AllstateRingBearer720p25.jpg.npy,3
output/allstate_tv/output/image_vectors/AllstateRingBearer720p700.jpg.npy,8
output/allstate_tv/output/image_vectors/AllstateRingBearer720p680.jpg.npy,17
output/allstate_tv/output/image_vectors/AllstateTinCan720p580.jpg.npy,16
output/allstate_tv/output/image_vectors/AllstateParkRoadAmerica720p725.jpg.npy,10
output/allstate_tv/output/image_vectors/AllstateParkRoadAmerica720p615.jpg.npy,0
output/allstate_tv/output/image_vectors/AllstateRingBearer720p505.jpg.npy,9
output/allstate_tv/output/image_vectors/AllstateRingBearer720p570.jpg.npy,17
output/allstate_tv/output/image_vectors/AllstateWeddingsAreMayhem720p40.jpg.npy,17
output/allstate_tv/output/image_vectors/AllstateObservation720p520.jpg.npy,11
output/allstate_tv/output/image_vectors/AllstateParkRoadAmerica720p730.jpg.npy,10
output/allstate_tv/output/image_vectors/AllstateObservation720p295.jpg.npy,2
output/allstate_tv/output/image_vectors/AllstateTinCan720p790.jpg.npy,16
output/allstate_tv/output/image_vectors/AllstateTinCan720p690.jpg.npy,18
output/allstate_tv/output/image_vectors/AllstateTinCan720p575.jpg.npy,16
output/allstate_tv/output/image_vectors/AllstateTinCan720p290.jpg.npy,15
output/allstate_tv/output/image_vectors/AllstateWeddingsAreMayhem720p545.jpg.npy,1
output/allstate_tv/output/image_vectors/AllstateWeddingsAreMayhem720p420.jpg.npy,7
output/allstate_tv/output/image_vectors/AllstateParkRoadAmerica720p765.jpg.npy,10
output/allstate_tv/output/image_vectors/AllstateWeddingsAreMayhem720p485.jpg.npy,7
output/allstate_tv/output/image_vectors/AllstateParkRoadAmerica720p755.jpg.npy,10
output/allstate_tv/output/image_vectors/AllstateTinCan720p600.jpg.npy,5
output/allstate_tv/output/image_vectors/AllstateObservation720p185.jpg.npy,2
output/allstate_tv/output/image_vectors/AllstateTinCan720p480.jpg.npy,18
output/allstate_tv/output/image_vectors/AllstateObservation720p370.jpg.npy,19
output/allstate_tv/output/image_vectors/AllstateRingBearer720p415.jpg.npy,6
output/allstate_tv/output/image_vectors/AllstateTinCan720p210.jpg.npy,16
output/allstate_tv/output/image_vectors/AllstateTinCan720p75.jpg.npy,16
output/allstate_tv/output/image_vectors/AllstateTinCan720p355.jpg.npy,15
output/allstate_tv/output/image_vectors/AllstateObservation720p720.jpg.npy,4
output/allstate_tv/output/image_vectors/AllstateParkRoadAmerica720p880.jpg.npy,13
output/allstate_tv/output/image_vectors/AllstateTinCan720p250.jpg.npy,16
output/allstate_tv/output/image_vectors/AllstateParkRoadAmerica720p845.jpg.npy,13
output/allstate_tv/output/image_vectors/AllstateRingBearer720p365.jpg.npy,9
output/allstate_tv/output/image_vectors/AllstateWeddingsAreMayhem720p455.jpg.npy,7
output/allstate_tv/output/image_vectors/AllstateTinCan720p565.jpg.npy,16
output/allstate_tv/output/image_vectors/AllstateObservation720p235.jpg.npy,2
output/allstate_tv/output/image_vectors/AllstateWeddingsAreMayhem720p695.jpg.npy,18
output/allstate_tv/output/image_vectors/AllstateTinCan720p495.jpg.npy,15
output/allstate_tv/output/image_vectors/AllstateRingBearer720p220.jpg.npy,5
output/allstate_tv/output/image_vectors/AllstateObservation720p695.jpg.npy,2
output/allstate_tv/output/image_vectors/AllstateRingBearer720p865.jpg.npy,1
output/allstate_tv/output/image_vectors/AllstateWeddingsAreMayhem720p530.jpg.npy,1
output/allstate_tv/output/image_vectors/AllstateParkRoadAmerica720p225.jpg.npy,5
output/allstate_tv/output/image_vectors/AllstateTinCan720p810.jpg.npy,16
output/allstate_tv/output/image_vectors/AllstateTinCan720p470.jpg.npy,18
output/allstate_tv/output/image_vectors/AllstateRingBearer720p115.jpg.npy,14
output/allstate_tv/output/image_vectors/AllstateWeddingsAreMayhem720p25.jpg.npy,17
output/allstate_tv/output/image_vectors/AllstateTinCan720p275.jpg.npy,15
output/allstate_tv/output/image_vectors/AllstateObservation720p850.jpg.npy,4
output/allstate_tv/output/image_vectors/AllstateRingBearer720p20.jpg.npy,3
output/allstate_tv/output/image_vectors/AllstateWeddingsAreMayhem720p580.jpg.npy,18
output/allstate_tv/output/image_vectors/AllstateRingBearer720p350.jpg.npy,9
output/allstate_tv/output/image_vectors/AllstateParkRoadAmerica720p445.jpg.npy,5
output/allstate_tv/output/image_vectors/AllstateTinCan720p200.jpg.npy,16
output/allstate_tv/output/image_vectors/AllstateRingBearer720p500.jpg.npy,9
output/allstate_tv/output/image_vectors/AllstateObservation720p815.jpg.npy,2
output/allstate_tv/output/image_vectors/AllstateObservation720p400.jpg.npy,19
output/allstate_tv/output/image_vectors/AllstateWeddingsAreMayhem720p825.jpg.npy,1
output/allstate_tv/output/image_vectors/AllstateWeddingsAreMayhem720p600.jpg.npy,5
output/allstate_tv/output/image_vectors/AllstateRingBearer720p245.jpg.npy,6
output/allstate_tv/output/image_vectors/AllstateRingBearer720p535.jpg.npy,17
output/allstate_tv/output/image_vectors/AllstateTinCan720p815.jpg.npy,16
output/allstate_tv/output/image_vectors/AllstateWeddingsAreMayhem720p595.jpg.npy,5
output/allstate_tv/output/image_vectors/AllstateTinCan720p35.jpg.npy,4
output/allstate_tv/output/image_vectors/AllstateRingBearer720p650.jpg.npy,17
output/allstate_tv/output/image_vectors/AllstateObservation720p240.jpg.npy,2
output/allstate_tv/output/image_vectors/AllstateWeddingsAreMayhem720p450.jpg.npy,7
output/allstate_tv/output/image_vectors/AllstateTinCan720p205.jpg.npy,16
output/allstate_tv/output/image_vectors/AllstateTinCan720p245.jpg.npy,5
output/allstate_tv/output/image_vectors/AllstateTinCan720p0.jpg.npy,4
output/allstate_tv/output/image_vectors/AllstateObservation720p775.jpg.npy,2
output/allstate_tv/output/image_vectors/AllstateWeddingsAreMayhem720p830.jpg.npy,1
output/allstate_tv/output/image_vectors/AllstateWeddingsAreMayhem720p845.jpg.npy,1
output/allstate_tv/output/image_vectors/AllstateRingBearer720p620.jpg.npy,17
output/allstate_tv/output/image_vectors/AllstateObservation720p865.jpg.npy,4
output/allstate_tv/output/image_vectors/AllstateObservation720p640.jpg.npy,2
output/allstate_tv/output/image_vectors/AllstateParkRoadAmerica720p130.jpg.npy,2
output/allstate_tv/output/image_vectors/AllstateWeddingsAreMayhem720p630.jpg.npy,15
output/allstate_tv/output/image_vectors/AllstateObservation720p350.jpg.npy,4
output/allstate_tv/output/image_vectors/AllstateParkRoadAmerica720p280.jpg.npy,5
output/allstate_tv/output/image_vectors/AllstateObservation720p730.jpg.npy,4
output/allstate_tv/output/image_vectors/AllstateParkRoadAmerica720p800.jpg.npy,10
output/allstate_tv/output/image_vectors/AllstateParkRoadAmerica720p40.jpg.npy,5
output/allstate_tv/output/image_vectors/AllstateObservation720p665.jpg.npy,2
output/allstate_tv/output/image_vectors/AllstateRingBearer720p490.jpg.npy,9
output/allstate_tv/output/image_vectors/AllstateObservation720p630.jpg.npy,2
output/allstate_tv/output/image_vectors/AllstateObservation720p590.jpg.npy,2
output/allstate_tv/output/image_vectors/AllstateWeddingsAreMayhem720p740.jpg.npy,1
output/allstate_tv/output/image_vectors/AllstateWeddingsAreMayhem720p175.jpg.npy,1
output/allstate_tv/output/image_vectors/AllstateTinCan720p510.jpg.npy,15
output/allstate_tv/output/image_vectors/AllstateParkRoadAmerica720p900.jpg.npy,13
output/allstate_tv/output/image_vectors/AllstateTinCan720p705.jpg.npy,18
output/allstate_tv/output/image_vectors/AllstateWeddingsAreMayhem720p225.jpg.npy,6
output/allstate_tv/output/image_vectors/AllstateRingBearer720p170.jpg.npy,3
output/allstate_tv/output/image_vectors/AllstateRingBearer720p495.jpg.npy,9
output/allstate_tv/output/image_vectors/AllstateTinCan720p870.jpg.npy,1
output/allstate_tv/output/image_vectors/AllstateRingBearer720p820.jpg.npy,8
output/allstate_tv/output/image_vectors/AllstateWeddingsAreMayhem720p645.jpg.npy,15
output/allstate_tv/output/image_vectors/AllstateRingBearer720p480.jpg.npy,9
output/allstate_tv/output/image_vectors/AllstateObservation720p15.jpg.npy,4
output/allstate_tv/output/image_vectors/AllstateTinCan720p85.jpg.npy,16
output/allstate_tv/output/image_vectors/AllstateObservation720p20.jpg.npy,4
output/allstate_tv/output/image_vectors/AllstateObservation720p345.jpg.npy,4
output/allstate_tv/output/image_vectors/AllstateWeddingsAreMayhem720p345.jpg.npy,1
output/allstate_tv/output/image_vectors/AllstateRingBearer720p280.jpg.npy,9
output/allstate_tv/output/image_vectors/AllstateTinCan720p435.jpg.npy,5
output/allstate_tv/output/image_vectors/AllstateParkRoadAmerica720p465.jpg.npy,5
output/allstate_tv/output/image_vectors/AllstateTinCan720p585.jpg.npy,18
output/allstate_tv/output/image_vectors/AllstateObservation720p385.jpg.npy,19
output/allstate_tv/output/image_vectors/AllstateTinCan720p150.jpg.npy,18
output/allstate_tv/output/image_vectors/AllstateWeddingsAreMayhem720p15.jpg.npy,17
output/allstate_tv/output/image_vectors/AllstateObservation720p95.jpg.npy,4
output/allstate_tv/output/image_vectors/AllstateWeddingsAreMayhem720p300.jpg.npy,17
output/allstate_tv/output/image_vectors/AllstateRingBearer720p520.jpg.npy,17
output/allstate_tv/output/image_vectors/AllstateRingBearer720p545.jpg.npy,17
output/allstate_tv/output/image_vectors/AllstateRingBearer720p135.jpg.npy,14
output/allstate_tv/output/image_vectors/AllstateWeddingsAreMayhem720p865.jpg.npy,1
output/allstate_tv/output/image_vectors/AllstateObservation720p765.jpg.npy,2
output/allstate_tv/output/image_vectors/AllstateRingBearer720p795.jpg.npy,8
output/allstate_tv/output/image_vectors/AllstateRingBearer720p195.jpg.npy,3
output/allstate_tv/output/image_vectors/AllstateRingBearer720p515.jpg.npy,17
output/allstate_tv/output/image_vectors/AllstateParkRoadAmerica720p565.jpg.npy,0
output/allstate_tv/output/image_vectors/AllstateObservation720p130.jpg.npy,2
output/allstate_tv/output/image_vectors/AllstateTinCan720p280.jpg.npy,15
output/allstate_tv/output/image_vectors/AllstateObservation720p430.jpg.npy,11
output/allstate_tv/output/image_vectors/AllstateTinCan720p255.jpg.npy,16
output/allstate_tv/output/image_vectors/AllstateParkRoadAmerica720p530.jpg.npy,12
output/allstate_tv/output/image_vectors/AllstateTinCan720p655.jpg.npy,17
output/allstate_tv/output/image_vectors/AllstateObservation720p110.jpg.npy,2
output/allstate_tv/output/image_vectors/AllstateTinCan720p90.jpg.npy,4
output/allstate_tv/output/image_vectors/AllstateWeddingsAreMayhem720p650.jpg.npy,15
output/allstate_tv/output/image_vectors/AllstateObservation720p190.jpg.npy,2
output/allstate_tv/output/image_vectors/AllstateObservation720p390.jpg.npy,19
output/allstate_tv/output/image_vectors/AllstateParkRoadAmerica720p240.jpg.npy,5
output/allstate_tv/output/image_vectors/AllstateWeddingsAreMayhem720p70.jpg.npy,17
output/allstate_tv/output/image_vectors/AllstateParkRoadAmerica720p625.jpg.npy,0
output/allstate_tv/output/image_vectors/AllstateRingBearer720p340.jpg.npy,9
output/allstate_tv/output/image_vectors/AllstateTinCan720p725.jpg.npy,16
output/allstate_tv/output/image_vectors/AllstateWeddingsAreMayhem720p720.jpg.npy,1
output/allstate_tv/output/image_vectors/AllstateWeddingsAreMayhem720p460.jpg.npy,7
output/allstate_tv/output/image_vectors/AllstateRingBearer720p880.jpg.npy,1
output/allstate_tv/output/image_vectors/AllstateParkRoadAmerica720p250.jpg.npy,12
output/allstate_tv/output/image_vectors/AllstateParkRoadAmerica720p475.jpg.npy,5
output/allstate_tv/output/image_vectors/AllstateRingBearer720p600.jpg.npy,17
output/allstate_tv/output/image_vectors/AllstateTinCan720p895.jpg.npy,1
output/allstate_tv/output/image_vectors/AllstateTinCan720p425.jpg.npy,5
output/allstate_tv/output/image_vectors/AllstateObservation720p315.jpg.npy,16
output/allstate_tv/output/image_vectors/AllstateWeddingsAreMayhem720p215.jpg.npy,6
output/allstate_tv/output/image_vectors/AllstateTinCan720p95.jpg.npy,4
output/allstate_tv/output/image_vectors/AllstateWeddingsAreMayhem720p80.jpg.npy,17
output/allstate_tv/output/image_vectors/AllstateWeddingsAreMayhem720p265.jpg.npy,5
output/allstate_tv/output/image_vectors/AllstateWeddingsAreMayhem720p405.jpg.npy,7
output/allstate_tv/output/image_vectors/AllstateRingBearer720p745.jpg.npy,8
output/allstate_tv/output/image_vectors/AllstateTinCan720p555.jpg.npy,16
output/allstate_tv/output/image_vectors/AllstateWeddingsAreMayhem720p655.jpg.npy,15
output/allstate_tv/output/image_vectors/AllstateRingBearer720p320.jpg.npy,6
output/allstate_tv/output/image_vectors/AllstateParkRoadAmerica720p850.jpg.npy,13
output/allstate_tv/output/image_vectors/AllstateParkRoadAmerica720p710.jpg.npy,10
output/allstate_tv/output/image_vectors/AllstateObservation720p305.jpg.npy,2
output/allstate_tv/output/image_vectors/AllstateRingBearer720p760.jpg.npy,8
output/allstate_tv/output/image_vectors/AllstateWeddingsAreMayhem720p875.jpg.npy,1
output/allstate_tv/output/image_vectors/AllstateObservation720p270.jpg.npy,2
output/allstate_tv/output/image_vectors/AllstateParkRoadAmerica720p110.jpg.npy,5
output/allstate_tv/output/image_vectors/AllstateTinCan720p140.jpg.npy,8
output/allstate_tv/output/image_vectors/AllstateParkRoadAmerica720p400.jpg.npy,12
output/allstate_tv/output/image_vectors/AllstateParkRoadAmerica720p705.jpg.npy,10
output/allstate_tv/output/image_vectors/AllstateParkRoadAmerica720p295.jpg.npy,5
output/allstate_tv/output/image_vectors/AllstateRingBearer720p875.jpg.npy,1
output/allstate_tv/output/image_vectors/AllstateParkRoadAmerica720p155.jpg.npy,12
output/allstate_tv/output/image_vectors/AllstateParkRoadAmerica720p15.jpg.npy,5
output/allstate_tv/output/image_vectors/AllstateRingBearer720p655.jpg.npy,17
output/allstate_tv/output/image_vectors/AllstateTinCan720p525.jpg.npy,15
output/allstate_tv/output/image_vectors/AllstateRingBearer720p615.jpg.npy,17
output/allstate_tv/output/image_vectors/AllstateWeddingsAreMayhem720p255.jpg.npy,9
output/allstate_tv/output/image_vectors/AllstateRingBearer720p110.jpg.npy,14
output/allstate_tv/output/image_vectors/AllstateRingBearer720p105.jpg.npy,14
output/allstate_tv/output/image_vectors/AllstateObservation720p700.jpg.npy,2
output/allstate_tv/output/image_vectors/AllstateParkRoadAmerica720p590.jpg.npy,0
output/allstate_tv/output/image_vectors/AllstateTinCan720p145.jpg.npy,18
output/allstate_tv/output/image_vectors/AllstateWeddingsAreMayhem720p570.jpg.npy,18
output/allstate_tv/output/image_vectors/AllstateTinCan720p40.jpg.npy,4
output/allstate_tv/output/image_vectors/AllstateRingBearer720p740.jpg.npy,8
output/allstate_tv/output/image_vectors/AllstateRingBearer720p845.jpg.npy,1
output/allstate_tv/output/image_vectors/AllstateTinCan720p350.jpg.npy,15
output/allstate_tv/output/image_vectors/AllstateRingBearer720p885.jpg.npy,1
output/allstate_tv/output/image_vectors/AllstateParkRoadAmerica720p440.jpg.npy,12
output/allstate_tv/output/image_vectors/AllstateParkRoadAmerica720p420.jpg.npy,12
output/allstate_tv/output/image_vectors/AllstateParkRoadAmerica720p305.jpg.npy,5
output/allstate_tv/output/image_vectors/AllstateRingBearer720p250.jpg.npy,6
output/allstate_tv/output/image_vectors/AllstateWeddingsAreMayhem720p370.jpg.npy,1
output/allstate_tv/output/image_vectors/AllstateParkRoadAmerica720p85.jpg.npy,5
output/allstate_tv/output/image_vectors/AllstateRingBearer720p560.jpg.npy,17
output/allstate_tv/output/image_vectors/AllstateObservation720p745.jpg.npy,2
output/allstate_tv/output/image_vectors/AllstateWeddingsAreMayhem720p500.jpg.npy,1
output/allstate_tv/output/image_vectors/AllstateObservation720p845.jpg.npy,4
output/allstate_tv/output/image_vectors/AllstateWeddingsAreMayhem720p605.jpg.npy,16
output/allstate_tv/output/image_vectors/AllstateParkRoadAmerica720p335.jpg.npy,12
output/allstate_tv/output/image_vectors/AllstateTinCan720p30.jpg.npy,4
output/allstate_tv/output/image_vectors/AllstateTinCan720p395.jpg.npy,15
output/allstate_tv/output/image_vectors/AllstateParkRoadAmerica720p750.jpg.npy,10
output/allstate_tv/output/image_vectors/AllstateObservation720p875.jpg.npy,4
output/allstate_tv/output/image_vectors/AllstateRingBearer720p160.jpg.npy,3
output/allstate_tv/output/image_vectors/AllstateWeddingsAreMayhem720p135.jpg.npy,14
output/allstate_tv/output/image_vectors/AllstateWeddingsAreMayhem720p75.jpg.npy,17
output/allstate_tv/output/image_vectors/AllstateRingBearer720p575.jpg.npy,17
output/allstate_tv/output/image_vectors/AllstateWeddingsAreMayhem720p125.jpg.npy,14
output/allstate_tv/output/image_vectors/AllstateWeddingsAreMayhem720p160.jpg.npy,14
output/allstate_tv/output/image_vectors/AllstateTinCan720p300.jpg.npy,15
output/allstate_tv/output/image_vectors/AllstateRingBearer720p725.jpg.npy,8
output/allstate_tv/output/image_vectors/AllstateParkRoadAmerica720p545.jpg.npy,12
output/allstate_tv/output/image_vectors/AllstateObservation720p625.jpg.npy,2
output/allstate_tv/output/image_vectors/AllstateWeddingsAreMayhem720p285.jpg.npy,5
output/allstate_tv/output/image_vectors/AllstateWeddingsAreMayhem720p505.jpg.npy,1
output/allstate_tv/output/image_vectors/AllstateTinCan720p260.jpg.npy,15
output/allstate_tv/output/image_vectors/AllstateWeddingsAreMayhem720p390.jpg.npy,3
output/allstate_tv/output/image_vectors/AllstateTinCan720p475.jpg.npy,18
output/allstate_tv/output/image_vectors/AllstateWeddingsAreMayhem720p145.jpg.npy,14
output/allstate_tv/output/image_vectors/AllstateWeddingsAreMayhem720p320.jpg.npy,17
output/allstate_tv/output/image_vectors/AllstateTinCan720p120.jpg.npy,4
output/allstate_tv/output/image_vectors/AllstateObservation720p425.jpg.npy,11
output/allstate_tv/output/image_vectors/AllstateTinCan720p630.jpg.npy,17
output/allstate_tv/output/image_vectors/AllstateWeddingsAreMayhem720p385.jpg.npy,3
output/allstate_tv/output/image_vectors/AllstateParkRoadAmerica720p780.jpg.npy,10
output/allstate_tv/output/image_vectors/AllstateRingBearer720p690.jpg.npy,8
output/allstate_tv/output/image_vectors/AllstateParkRoadAmerica720p380.jpg.npy,12
output/allstate_tv/output/image_vectors/AllstateWeddingsAreMayhem720p890.jpg.npy,1
output/allstate_tv/output/image_vectors/AllstateRingBearer720p450.jpg.npy,6
output/allstate_tv/output/image_vectors/AllstateObservation720p555.jpg.npy,4
output/allstate_tv/output/image_vectors/AllstateObservation720p340.jpg.npy,4
output/allstate_tv/output/image_vectors/AllstateObservation720p55.jpg.npy,4
output/allstate_tv/output/image_vectors/AllstateRingBearer720p855.jpg.npy,1
output/allstate_tv/output/image_vectors/AllstateParkRoadAmerica720p340.jpg.npy,12
output/allstate_tv/output/image_vectors/AllstateObservation720p265.jpg.npy,2
output/allstate_tv/output/image_vectors/AllstateTinCan720p825.jpg.npy,16
output/allstate_tv/output/image_vectors/AllstateTinCan720p850.jpg.npy,1
output/allstate_tv/output/image_vectors/AllstateRingBearer720p465.jpg.npy,9
output/allstate_tv/output/image_vectors/AllstateParkRoadAmerica720p230.jpg.npy,5
output/allstate_tv/output/image_vectors/AllstateParkRoadAmerica720p620.jpg.npy,0
output/allstate_tv/output/image_vectors/AllstateParkRoadAmerica720p170.jpg.npy,12
output/allstate_tv/output/image_vectors/AllstateRingBearer720p370.jpg.npy,9
output/allstate_tv/output/image_vectors/AllstateRingBearer720p625.jpg.npy,17
output/allstate_tv/output/image_vectors/AllstateRingBearer720p895.jpg.npy,1
output/allstate_tv/output/image_vectors/AllstateTinCan720p315.jpg.npy,16
output/allstate_tv/output/image_vectors/AllstateRingBearer720p270.jpg.npy,6
output/allstate_tv/output/image_vectors/AllstateRingBearer720p45.jpg.npy,3
output/allstate_tv/output/image_vectors/AllstateWeddingsAreMayhem720p120.jpg.npy,18
output/allstate_tv/output/image_vectors/AllstateTinCan720p775.jpg.npy,16
output/allstate_tv/output/image_vectors/AllstateTinCan720p865.jpg.npy,1
output/allstate_tv/output/image_vectors/AllstateParkRoadAmerica720p770.jpg.npy,10
output/allstate_tv/output/image_vectors/AllstateObservation720p105.jpg.npy,2
output/allstate_tv/output/image_vectors/AllstateWeddingsAreMayhem720p360.jpg.npy,1
output/allstate_tv/output/image_vectors/AllstateWeddingsAreMayhem720p280.jpg.npy,5
output/allstate_tv/output/image_vectors/AllstateParkRoadAmerica720p855.jpg.npy,13
output/allstate_tv/output/image_vectors/AllstateParkRoadAmerica720p415.jpg.npy,12
output/allstate_tv/output/image_vectors/AllstateWeddingsAreMayhem720p835.jpg.npy,1
output/allstate_tv/output/image_vectors/AllstateObservation720p860.jpg.npy,4
output/allstate_tv/output/image_vectors/AllstateRingBearer720p35.jpg.npy,3
output/allstate_tv/output/image_vectors/AllstateParkRoadAmerica720p600.jpg.npy,0
output/allstate_tv/output/image_vectors/AllstateObservation720p800.jpg.npy,2
output/allstate_tv/output/image_vectors/AllstateParkRoadAmerica720p870.jpg.npy,13
output/allstate_tv/output/image_vectors/AllstateTinCan720p125.jpg.npy,4
output/allstate_tv/output/image_vectors/AllstateWeddingsAreMayhem720p140.jpg.npy,14
output/allstate_tv/output/image_vectors/AllstateTinCan720p60.jpg.npy,16
output/allstate_tv/output/image_vectors/AllstateObservation720p610.jpg.npy,2
output/allstate_tv/output/image_vectors/AllstateObservation720p75.jpg.npy,4
output/allstate_tv/output/image_vectors/AllstateWeddingsAreMayhem720p305.jpg.npy,17
output/allstate_tv/output/image_vectors/AllstateTinCan720p390.jpg.npy,15
output/allstate_tv/output/image_vectors/AllstateTinCan720p190.jpg.npy,5
output/allstate_tv/output/image_vectors/AllstateWeddingsAreMayhem720p810.jpg.npy,1
output/allstate_tv/output/image_vectors/AllstateRingBearer720p430.jpg.npy,6
output/allstate_tv/output/image_vectors/AllstateWeddingsAreMayhem720p10.jpg.npy,17
output/allstate_tv/output/image_vectors/AllstateParkRoadAmerica720p410.jpg.npy,12
output/allstate_tv/output/image_vectors/AllstateWeddingsAreMayhem720p340.jpg.npy,1
output/allstate_tv/output/image_vectors/AllstateObservation720p435.jpg.npy,11
output/allstate_tv/output/image_vectors/AllstateObservation720p895.jpg.npy,4
output/allstate_tv/output/image_vectors/AllstateWeddingsAreMayhem720p85.jpg.npy,17
output/allstate_tv/output/image_vectors/AllstateObservation720p890.jpg.npy,4
output/allstate_tv/output/image_vectors/AllstateWeddingsAreMayhem720p275.jpg.npy,5
output/allstate_tv/output/image_vectors/AllstateWeddingsAreMayhem720p5.jpg.npy,17
output/allstate_tv/output/image_vectors/AllstateRingBearer720p860.jpg.npy,1
output/allstate_tv/output/image_vectors/AllstateTinCan720p330.jpg.npy,16
output/allstate_tv/output/image_vectors/AllstateParkRoadAmerica720p210.jpg.npy,5
output/allstate_tv/output/image_vectors/AllstateParkRoadAmerica720p215.jpg.npy,5
output/allstate_tv/output/image_vectors/AllstateParkRoadAmerica720p385.jpg.npy,12
output/allstate_tv/output/image_vectors/AllstateObservation720p355.jpg.npy,4
output/allstate_tv/output/image_vectors/AllstateObservation720p840.jpg.npy,4
output/allstate_tv/output/image_vectors/AllstateObservation720p120.jpg.npy,2
output/allstate_tv/output/image_vectors/AllstateRingBearer720p240.jpg.npy,6
output/allstate_tv/output/image_vectors/AllstateTinCan720p660.jpg.npy,17
output/allstate_tv/output/image_vectors/AllstateParkRoadAmerica720p30.jpg.npy,5
output/allstate_tv/output/image_vectors/AllstateWeddingsAreMayhem720p30.jpg.npy,17
output/allstate_tv/output/image_vectors/AllstateTinCan720p805.jpg.npy,16
output/allstate_tv/output/image_vectors/AllstateWeddingsAreMayhem720p245.jpg.npy,9
output/allstate_tv/output/image_vectors/AllstateObservation720p825.jpg.npy,4
output/allstate_tv/output/image_vectors/AllstateTinCan720p735.jpg.npy,16
output/allstate_tv/output/image_vectors/AllstateWeddingsAreMayhem720p780.jpg.npy,16
output/allstate_tv/output/image_vectors/AllstateRingBearer720p10.jpg.npy,3
output/allstate_tv/output/image_vectors/AllstateObservation720p460.jpg.npy,11
output/allstate_tv/output/image_vectors/AllstateParkRoadAmerica720p165.jpg.npy,12
output/allstate_tv/output/image_vectors/AllstateObservation720p490.jpg.npy,11
output/allstate_tv/output/image_vectors/AllstateTinCan720p535.jpg.npy,16
output/allstate_tv/output/image_vectors/AllstateObservation720p530.jpg.npy,11
output/allstate_tv/output/image_vectors/AllstateObservation720p510.jpg.npy,11
output/allstate_tv/output/image_vectors/AllstateObservation720p150.jpg.npy,2
output/allstate_tv/output/image_vectors/AllstateTinCan720p360.jpg.npy,15
output/allstate_tv/output/image_vectors/AllstateTinCan720p270.jpg.npy,15
output/allstate_tv/output/image_vectors/AllstateTinCan720p460.jpg.npy,18
output/allstate_tv/output/image_vectors/AllstateObservation720p480.jpg.npy,11
output/allstate_tv/output/image_vectors/AllstateWeddingsAreMayhem720p700.jpg.npy,1
output/allstate_tv/output/image_vectors/AllstateTinCan720p175.jpg.npy,5
output/allstate_tv/output/image_vectors/AllstateWeddingsAreMayhem720p540.jpg.npy,1
output/allstate_tv/output/image_vectors/AllstateObservation720p580.jpg.npy,4
output/allstate_tv/output/image_vectors/AllstateParkRoadAmerica720p540.jpg.npy,12
output/allstate_tv/output/image_vectors/AllstateParkRoadAmerica720p695.jpg.npy,10
output/allstate_tv/output/image_vectors/AllstateParkRoadAmerica720p75.jpg.npy,5
output/allstate_tv/output/image_vectors/AllstateParkRoadAmerica720p195.jpg.npy,12
output/allstate_tv/output/image_vectors/AllstateTinCan720p295.jpg.npy,15
output/allstate_tv/output/image_vectors/AllstateParkRoadAmerica720p45.jpg.npy,5
output/allstate_tv/output/image_vectors/AllstateWeddingsAreMayhem720p710.jpg.npy,1
output/allstate_tv/output/image_vectors/AllstateTinCan720p105.jpg.npy,4
output/allstate_tv/output/image_vectors/AllstateTinCan720p160.jpg.npy,18
output/allstate_tv/output/image_vectors/AllstateTinCan720p100.jpg.npy,4
output/allstate_tv/output/image_vectors/AllstateObservation720p710.jpg.npy,4
output/allstate_tv/output/image_vectors/AllstateWeddingsAreMayhem720p495.jpg.npy,1
output/allstate_tv/output/image_vectors/AllstateWeddingsAreMayhem720p750.jpg.npy,1
output/allstate_tv/output/image_vectors/AllstateObservation720p835.jpg.npy,4
output/allstate_tv/output/image_vectors/AllstateParkRoadAmerica720p65.jpg.npy,5
output/allstate_tv/output/image_vectors/AllstateTinCan720p225.jpg.npy,5
output/allstate_tv/output/image_vectors/AllstateParkRoadAmerica720p885.jpg.npy,13
output/allstate_tv/output/image_vectors/AllstateParkRoadAmerica720p5.jpg.npy,5
output/allstate_tv/output/image_vectors/AllstateParkRoadAmerica720p310.jpg.npy,5
output/allstate_tv/output/image_vectors/AllstateTinCan720p50.jpg.npy,16
output/allstate_tv/output/image_vectors/AllstateParkRoadAmerica720p690.jpg.npy,10
output/allstate_tv/output/image_vectors/AllstateTinCan720p770.jpg.npy,16
output/allstate_tv/output/image_vectors/AllstateObservation720p880.jpg.npy,4
output/allstate_tv/output/image_vectors/AllstateTinCan720p620.jpg.npy,17
output/allstate_tv/output/image_vectors/AllstateParkRoadAmerica720p255.jpg.npy,12
output/allstate_tv/output/image_vectors/AllstateWeddingsAreMayhem720p395.jpg.npy,3
output/allstate_tv/output/image_vectors/AllstateObservation720p635.jpg.npy,2
output/allstate_tv/output/image_vectors/AllstateTinCan720p665.jpg.npy,17
output/allstate_tv/output/image_vectors/AllstateWeddingsAreMayhem720p355.jpg.npy,1
output/allstate_tv/output/image_vectors/AllstateObservation720p735.jpg.npy,4
output/allstate_tv/output/image_vectors/AllstateWeddingsAreMayhem720p855.jpg.npy,1
output/allstate_tv/output/image_vectors/AllstateWeddingsAreMayhem720p365.jpg.npy,1
output/allstate_tv/output/image_vectors/AllstateParkRoadAmerica720p610.jpg.npy,0
output/allstate_tv/output/image_vectors/AllstateObservation720p540.jpg.npy,4
output/allstate_tv/output/image_vectors/AllstateWeddingsAreMayhem720p685.jpg.npy,18
output/allstate_tv/output/image_vectors/AllstateWeddingsAreMayhem720p660.jpg.npy,15
output/allstate_tv/output/image_vectors/AllstateWeddingsAreMayhem720p270.jpg.npy,5
output/allstate_tv/output/image_vectors/AllstateObservation720p365.jpg.npy,4
output/allstate_tv/output/image_vectors/AllstateTinCan720p650.jpg.npy,17
output/allstate_tv/output/image_vectors/AllstateObservation720p5.jpg.npy,4
output/allstate_tv/output/image_vectors/AllstateParkRoadAmerica720p235.jpg.npy,5
output/allstate_tv/output/image_vectors/AllstateRingBearer720p590.jpg.npy,17
output/allstate_tv/output/image_vectors/AllstateRingBearer720p540.jpg.npy,17
output/allstate_tv/output/image_vectors/AllstateParkRoadAmerica720p105.jpg.npy,5
output/allstate_tv/output/image_vectors/AllstateParkRoadAmerica720p470.jpg.npy,5
output/allstate_tv/output/image_vectors/AllstateRingBearer720p510.jpg.npy,9
output/allstate_tv/output/image_vectors/AllstateParkRoadAmerica720p395.jpg.npy,12
output/allstate_tv/output/image_vectors/AllstateWeddingsAreMayhem720p240.jpg.npy,9
output/allstate_tv/output/image_vectors/AllstateTinCan720p20.jpg.npy,4
output/allstate_tv/output/image_vectors/AllstateObservation720p35.jpg.npy,4
output/allstate_tv/output/image_vectors/AllstateWeddingsAreMayhem720p195.jpg.npy,1
output/allstate_tv/output/image_vectors/AllstateParkRoadAmerica720p655.jpg.npy,10
output/allstate_tv/output/image_vectors/AllstateParkRoadAmerica720p835.jpg.npy,13
output/allstate_tv/output/image_vectors/AllstateParkRoadAmerica720p185.jpg.npy,12
output/allstate_tv/output/image_vectors/AllstateParkRoadAmerica720p365.jpg.npy,12
output/allstate_tv/output/image_vectors/AllstateObservation720p210.jpg.npy,2
output/allstate_tv/output/image_vectors/AllstateParkRoadAmerica720p555.jpg.npy,12
output/allstate_tv/output/image_vectors/AllstateObservation720p685.jpg.npy,2
output/allstate_tv/output/image_vectors/AllstateObservation720p215.jpg.npy,2
output/allstate_tv/output/image_vectors/AllstateRingBearer720p30.jpg.npy,3
output/allstate_tv/output/image_vectors/AllstateTinCan720p15.jpg.npy,4
output/allstate_tv/output/image_vectors/AllstateWeddingsAreMayhem720p560.jpg.npy,17
output/allstate_tv/output/image_vectors/AllstateTinCan720p715.jpg.npy,18
output/allstate_tv/output/image_vectors/AllstateRingBearer720p405.jpg.npy,6
output/allstate_tv/output/image_vectors/AllstateRingBearer720p385.jpg.npy,9
output/allstate_tv/output/image_vectors/AllstateRingBearer720p765.jpg.npy,8
output/allstate_tv/output/image_vectors/AllstateWeddingsAreMayhem720p465.jpg.npy,7
output/allstate_tv/output/image_vectors/AllstateObservation720p290.jpg.npy,2
output/allstate_tv/output/image_vectors/AllstateRingBearer720p710.jpg.npy,8
output/allstate_tv/output/image_vectors/AllstateRingBearer720p770.jpg.npy,8
output/allstate_tv/output/image_vectors/AllstateObservation720p230.jpg.npy,2
output/allstate_tv/output/image_vectors/AllstateParkRoadAmerica720p205.jpg.npy,2
output/allstate_tv/output/image_vectors/AllstateTinCan720p440.jpg.npy,5
output/allstate_tv/output/image_vectors/AllstateRingBearer720p125.jpg.npy,14
output/allstate_tv/output/image_vectors/AllstateRingBearer720p155.jpg.npy,14
output/allstate_tv/output/image_vectors/AllstateWeddingsAreMayhem720p565.jpg.npy,17
output/allstate_tv/output/image_vectors/AllstateWeddingsAreMayhem720p410.jpg.npy,7
output/allstate_tv/output/image_vectors/AllstateWeddingsAreMayhem720p95.jpg.npy,17
output/allstate_tv/output/image_vectors/AllstateTinCan720p235.jpg.npy,5
output/allstate_tv/output/image_vectors/AllstateWeddingsAreMayhem720p555.jpg.npy,17
output/allstate_tv/output/image_vectors/AllstateTinCan720p745.jpg.npy,16
output/allstate_tv/output/image_vectors/AllstateObservation720p670.jpg.npy,19
output/allstate_tv/output/image_vectors/AllstateTinCan720p55.jpg.npy,16
output/allstate_tv/output/image_vectors/AllstateParkRoadAmerica720p605.jpg.npy,0
output/allstate_tv/output/image_vectors/AllstateWeddingsAreMayhem720p675.jpg.npy,18
output/allstate_tv/output/image_vectors/AllstateWeddingsAreMayhem720p795.jpg.npy,16
output/allstate_tv/output/image_vectors/AllstateTinCan720p675.jpg.npy,18
output/allstate_tv/output/image_vectors/AllstateObservation720p795.jpg.npy,2
output/allstate_tv/output/image_vectors/AllstateObservation720p135.jpg.npy,2
output/allstate_tv/output/image_vectors/AllstateRingBearer720p705.jpg.npy,8
output/allstate_tv/output/image_vectors/AllstateRingBearer720p230.jpg.npy,6
output/allstate_tv/output/image_vectors/AllstateParkRoadAmerica720p375.jpg.npy,12
output/allstate_tv/output/image_vectors/AllstateObservation720p755.jpg.npy,2
output/allstate_tv/output/image_vectors/AllstateParkRoadAmerica720p740.jpg.npy,10
output/allstate_tv/output/image_vectors/AllstateParkRoadAmerica720p120.jpg.npy,5
output/allstate_tv/output/image_vectors/AllstateTinCan720p855.jpg.npy,1
output/allstate_tv/output/image_vectors/AllstateRingBearer720p595.jpg.npy,17
output/allstate_tv/output/image_vectors/AllstateParkRoadAmerica720p550.jpg.npy,12
output/allstate_tv/output/image_vectors/AllstateRingBearer720p295.jpg.npy,9
output/allstate_tv/output/image_vectors/AllstateWeddingsAreMayhem720p435.jpg.npy,7
output/allstate_tv/output/image_vectors/AllstateParkRoadAmerica720p685.jpg.npy,10
output/allstate_tv/output/image_vectors/AllstateTinCan720p240.jpg.npy,5
output/allstate_tv/output/image_vectors/AllstateObservation720p300.jpg.npy,2
output/allstate_tv/output/image_vectors/AllstateObservation720p25.jpg.npy,4
output/allstate_tv/output/image_vectors/AllstateParkRoadAmerica720p140.jpg.npy,2
output/allstate_tv/output/image_vectors/AllstateWeddingsAreMayhem720p490.jpg.npy,7
output/allstate_tv/output/image_vectors/AllstateParkRoadAmerica720p370.jpg.npy,12
output/allstate_tv/output/image_vectors/AllstateObservation720p180.jpg.npy,2
output/allstate_tv/output/image_vectors/AllstateWeddingsAreMayhem720p670.jpg.npy,15
output/allstate_tv/output/image_vectors/AllstateObservation720p0.jpg.npy,1
output/allstate_tv/output/image_vectors/AllstateWeddingsAreMayhem720p295.jpg.npy,17
output/allstate_tv/output/image_vectors/AllstateWeddingsAreMayhem720p150.jpg.npy,14
output/allstate_tv/output/image_vectors/AllstateTinCan720p385.jpg.npy,15
output/allstate_tv/output/image_vectors/AllstateTinCan720p760.jpg.npy,16
output/allstate_tv/output/image_vectors/AllstateObservation720p550.jpg.npy,4
output/allstate_tv/output/image_vectors/AllstateWeddingsAreMayhem720p260.jpg.npy,9
output/allstate_tv/output/image_vectors/AllstateParkRoadAmerica720p480.jpg.npy,12
output/allstate_tv/output/image_vectors/AllstateObservation720p320.jpg.npy,16
output/allstate_tv/output/image_vectors/AllstateObservation720p560.jpg.npy,4
output/allstate_tv/output/image_vectors/AllstateRingBearer720p265.jpg.npy,6
output/allstate_tv/output/image_vectors/AllstateWeddingsAreMayhem720p100.jpg.npy,18
output/allstate_tv/output/image_vectors/AllstateTinCan720p115.jpg.npy,4
output/allstate_tv/output/image_vectors/AllstateParkRoadAmerica720p95.jpg.npy,5
output/allstate_tv/output/image_vectors/AllstateWeddingsAreMayhem720p520.jpg.npy,1
output/allstate_tv/output/image_vectors/AllstateTinCan720p755.jpg.npy,16
output/allstate_tv/output/image_vectors/AllstateTinCan720p615.jpg.npy,17
output/allstate_tv/output/image_vectors/AllstateParkRoadAmerica720p435.jpg.npy,12
output/allstate_tv/output/image_vectors/AllstateRingBearer720p715.jpg.npy,8
output/allstate_tv/output/image_vectors/AllstateRingBearer720p310.jpg.npy,6
output/allstate_tv/output/image_vectors/AllstateWeddingsAreMayhem720p480.jpg.npy,7
output/allstate_tv/output/image_vectors/AllstateWeddingsAreMayhem720p230.jpg.npy,9
output/allstate_tv/output/image_vectors/AllstateObservation720p10.jpg.npy,4
output/allstate_tv/output/image_vectors/AllstateRingBearer720p485.jpg.npy,9
output/allstate_tv/output/image_vectors/AllstateParkRoadAmerica720p460.jpg.npy,5
output/allstate_tv/output/image_vectors/AllstateParkRoadAmerica720p430.jpg.npy,12
output/allstate_tv/output/image_vectors/AllstateRingBearer720p755.jpg.npy,8
output/allstate_tv/output/image_vectors/AllstateRingBearer720p185.jpg.npy,3
output/allstate_tv/output/image_vectors/AllstateRingBearer720p215.jpg.npy,3
output/allstate_tv/output/image_vectors/AllstateWeddingsAreMayhem720p775.jpg.npy,16
output/allstate_tv/output/image_vectors/AllstateParkRoadAmerica720p580.jpg.npy,0
output/allstate_tv/output/image_vectors/AllstateRingBearer720p40.jpg.npy,3
output/allstate_tv/output/image_vectors/AllstateRingBearer720p285.jpg.npy,9
output/allstate_tv/output/image_vectors/AllstateRingBearer720p640.jpg.npy,17
output/allstate_tv/output/image_vectors/AllstateObservation720p780.jpg.npy,2
output/allstate_tv/output/image_vectors/AllstateWeddingsAreMayhem720p45.jpg.npy,17
output/allstate_tv/output/image_vectors/AllstateParkRoadAmerica720p595.jpg.npy,0
output/allstate_tv/output/image_vectors/AllstateRingBearer720p525.jpg.npy,17
output/allstate_tv/output/image_vectors/AllstateRingBearer720p90.jpg.npy,14
output/allstate_tv/output/image_vectors/AllstateObservation720p70.jpg.npy,4
output/allstate_tv/output/image_vectors/AllstateObservation720p125.jpg.npy,2
output/allstate_tv/output/image_vectors/AllstateRingBearer720p585.jpg.npy,17
output/allstate_tv/output/image_vectors/AllstateParkRoadAmerica720p275.jpg.npy,12
output/allstate_tv/output/image_vectors/AllstateTinCan720p215.jpg.npy,5
output/allstate_tv/output/image_vectors/AllstateObservation720p250.jpg.npy,2
output/allstate_tv/output/image_vectors/AllstateWeddingsAreMayhem720p235.jpg.npy,9
output/allstate_tv/output/image_vectors/AllstateObservation720p680.jpg.npy,19
output/allstate_tv/output/image_vectors/AllstateObservation720p360.jpg.npy,4
output/allstate_tv/output/image_vectors/AllstateParkRoadAmerica720p125.jpg.npy,5
output/allstate_tv/output/image_vectors/AllstateWeddingsAreMayhem720p895.jpg.npy,1
output/allstate_tv/output/image_vectors/AllstateWeddingsAreMayhem720p205.jpg.npy,6
output/allstate_tv/output/image_vectors/AllstateParkRoadAmerica720p805.jpg.npy,10
output/allstate_tv/output/image_vectors/AllstateWeddingsAreMayhem720p815.jpg.npy,1
output/allstate_tv/output/image_vectors/AllstateTinCan720p25.jpg.npy,4
output/allstate_tv/output/image_vectors/AllstateTinCan720p305.jpg.npy,15
output/allstate_tv/output/image_vectors/AllstateParkRoadAmerica720p300.jpg.npy,5
output/allstate_tv/output/image_vectors/AllstateObservation720p50.jpg.npy,4
output/allstate_tv/output/image_vectors/AllstateParkRoadAmerica720p60.jpg.npy,5
output/allstate_tv/output/image_vectors/AllstateWeddingsAreMayhem720p155.jpg.npy,14
output/allstate_tv/output/image_vectors/AllstateWeddingsAreMayhem720p430.jpg.npy,7
output/allstate_tv/output/image_vectors/AllstateWeddingsAreMayhem720p755.jpg.npy,1
output/allstate_tv/output/image_vectors/AllstateTinCan720p700.jpg.npy,18
output/allstate_tv/output/image_vectors/AllstateRingBearer720p165.jpg.npy,3
output/allstate_tv/output/image_vectors/AllstateObservation720p760.jpg.npy,2
output/allstate_tv/output/image_vectors/AllstateRingBearer720p665.jpg.npy,17
output/allstate_tv/output/image_vectors/AllstateWeddingsAreMayhem720p880.jpg.npy,1
output/allstate_tv/output/image_vectors/AllstateParkRoadAmerica720p890.jpg.npy,13
output/allstate_tv/output/image_vectors/AllstateObservation720p30.jpg.npy,4
output/allstate_tv/output/image_vectors/AllstateObservation720p705.jpg.npy,4
output/allstate_tv/output/image_vectors/AllstateParkRoadAmerica720p840.jpg.npy,13
output/allstate_tv/output/image_vectors/AllstateWeddingsAreMayhem720p50.jpg.npy,17
output/allstate_tv/output/image_vectors/AllstateTinCan720p265.jpg.npy,15
output/allstate_tv/output/image_vectors/AllstateParkRoadAmerica720p640.jpg.npy,12
output/allstate_tv/output/image_vectors/AllstateObservation720p465.jpg.npy,11
output/allstate_tv/output/image_vectors/AllstateTinCan720p430.jpg.npy,5
output/allstate_tv/output/image_vectors/AllstateParkRoadAmerica720p190.jpg.npy,12
output/allstate_tv/output/image_vectors/AllstateRingBearer720p815.jpg.npy,8
output/allstate_tv/output/image_vectors/AllstateWeddingsAreMayhem720p730.jpg.npy,1
output/allstate_tv/output/image_vectors/AllstateObservation720p85.jpg.npy,4
output/allstate_tv/output/image_vectors/AllstateTinCan720p570.jpg.npy,16
output/allstate_tv/output/image_vectors/AllstateTinCan720p135.jpg.npy,4
output/allstate_tv/output/image_vectors/AllstateObservation720p40.jpg.npy,4
output/allstate_tv/output/image_vectors/AllstateWeddingsAreMayhem720p130.jpg.npy,14
output/allstate_tv/output/image_vectors/AllstateTinCan720p610.jpg.npy,18
output/allstate_tv/output/image_vectors/AllstateWeddingsAreMayhem720p185.jpg.npy,1
output/allstate_tv/output/image_vectors/AllstateTinCan720p595.jpg.npy,5
output/allstate_tv/output/image_vectors/AllstateWeddingsAreMayhem720p690.jpg.npy,18
output/allstate_tv/output/image_vectors/AllstateRingBearer720p675.jpg.npy,17
output/allstate_tv/output/image_vectors/AllstateRingBearer720p200.jpg.npy,3
output/allstate_tv/output/image_vectors/AllstateTinCan720p400.jpg.npy,15
output/allstate_tv/output/image_vectors/AllstateRingBearer720p380.jpg.npy,9
output/allstate_tv/output/image_vectors/AllstateWeddingsAreMayhem720p590.jpg.npy,18
output/allstate_tv/output/image_vectors/AllstateParkRoadAmerica720p510.jpg.npy,12
output/allstate_tv/output/image_vectors/AllstateParkRoadAmerica720p495.jpg.npy,12
output/allstate_tv/output/image_vectors/AllstateTinCan720p455.jpg.npy,18
output/allstate_tv/output/image_vectors/AllstateWeddingsAreMayhem720p210.jpg.npy,6
output/allstate_tv/output/image_vectors/AllstateRingBearer720p180.jpg.npy,3
output/allstate_tv/output/image_vectors/AllstateObservation720p585.jpg.npy,4
output/allstate_tv/output/image_vectors/AllstateObservation720p485.jpg.npy,11
output/allstate_tv/output/image_vectors/AllstateRingBearer720p150.jpg.npy,14
output/allstate_tv/output/image_vectors/AllstateRingBearer720p610.jpg.npy,17
output/allstate_tv/output/image_vectors/AllstateWeddingsAreMayhem720p665.jpg.npy,15
output/allstate_tv/output/image_vectors/AllstateTinCan720p845.jpg.npy,1
output/allstate_tv/output/image_vectors/AllstateRingBearer720p300.jpg.npy,9
output/allstate_tv/output/image_vectors/AllstateObservation720p415.jpg.npy,19
output/allstate_tv/output/image_vectors/AllstateObservation720p420.jpg.npy,11
output/allstate_tv/output/image_vectors/AllstateObservation720p570.jpg.npy,4
output/allstate_tv/output/image_vectors/AllstateRingBearer720p305.jpg.npy,6
output/allstate_tv/output/image_vectors/AllstateObservation720p205.jpg.npy,2
output/allstate_tv/output/image_vectors/AllstateTinCan720p720.jpg.npy,16
output/allstate_tv/output/image_vectors/AllstateTinCan720p65.jpg.npy,16
output/allstate_tv/output/image_vectors/AllstateRingBearer720p360.jpg.npy,9
output/allstate_tv/output/image_vectors/AllstateObservation720p405.jpg.npy,19
output/allstate_tv/output/image_vectors/AllstateWeddingsAreMayhem720p380.jpg.npy,3
output/allstate_tv/output/image_vectors/AllstateRingBearer720p225.jpg.npy,6
output/allstate_tv/output/image_vectors/AllstateTinCan720p640.jpg.npy,17
output/allstate_tv/output/image_vectors/AllstateObservation720p675.jpg.npy,19
output/allstate_tv/output/image_vectors/AllstateObservation720p600.jpg.npy,2
output/allstate_tv/output/image_vectors/AllstateWeddingsAreMayhem720p20.jpg.npy,17
output/allstate_tv/output/image_vectors/AllstateWeddingsAreMayhem720p60.jpg.npy,17
output/allstate_tv/output/image_vectors/AllstateRingBearer720p420.jpg.npy,6
output/allstate_tv/output/image_vectors/AllstateRingBearer720p205.jpg.npy,3
output/allstate_tv/output/image_vectors/AllstateWeddingsAreMayhem720p615.jpg.npy,16
output/allstate_tv/output/image_vectors/AllstateParkRoadAmerica720p135.jpg.npy,12
output/allstate_tv/output/image_vectors/AllstateRingBearer720p720.jpg.npy,8
output/allstate_tv/output/image_vectors/AllstateRingBearer720p850.jpg.npy,1
output/allstate_tv/output/image_vectors/AllstateRingBearer720p65.jpg.npy,3
output/allstate_tv/output/image_vectors/AllstateTinCan720p5.jpg.npy,4
output/allstate_tv/output/image_vectors/AllstateParkRoadAmerica720p450.jpg.npy,5
output/allstate_tv/output/image_vectors/AllstateWeddingsAreMayhem720p470.jpg.npy,7
output/allstate_tv/output/image_vectors/AllstateRingBearer720p835.jpg.npy,8
output/allstate_tv/output/image_vectors/AllstateParkRoadAmerica720p720.jpg.npy,10
output/allstate_tv/output/image_vectors/AllstateRingBearer720p670.jpg.npy,17
output/allstate_tv/output/image_vectors/AllstateWeddingsAreMayhem720p325.jpg.npy,1
output/allstate_tv/output/image_vectors/AllstateRingBearer720p635.jpg.npy,17
output/allstate_tv/output/image_vectors/AllstateTinCan720p780.jpg.npy,16
output/allstate_tv/output/image_vectors/AllstateObservation720p790.jpg.npy,2
output/allstate_tv/output/image_vectors/AllstateWeddingsAreMayhem720p415.jpg.npy,7
output/allstate_tv/output/image_vectors/AllstateObservation720p565.jpg.npy,4
output/allstate_tv/output/image_vectors/AllstateRingBearer720p80.jpg.npy,14
output/allstate_tv/output/image_vectors/AllstateTinCan720p765.jpg.npy,16
output/allstate_tv/output/image_vectors/AllstateObservation720p655.jpg.npy,2
output/allstate_tv/output/image_vectors/AllstateWeddingsAreMayhem720p165.jpg.npy,1
output/allstate_tv/output/image_vectors/AllstateTinCan720p165.jpg.npy,18
output/allstate_tv/output/image_vectors/AllstateTinCan720p410.jpg.npy,3
output/allstate_tv/output/image_vectors/AllstateWeddingsAreMayhem720p870.jpg.npy,1
output/allstate_tv/output/image_vectors/AllstateObservation720p285.jpg.npy,2
output/allstate_tv/output/image_vectors/AllstateRingBearer720p580.jpg.npy,17
output/allstate_tv/output/image_vectors/AllstateRingBearer720p660.jpg.npy,17
output/allstate_tv/output/image_vectors/AllstateParkRoadAmerica720p425.jpg.npy,12
output/allstate_tv/output/image_vectors/AllstateObservation720p575.jpg.npy,4
output/allstate_tv/output/image_vectors/AllstateRingBearer720p890.jpg.npy,1
output/allstate_tv/output/image_vectors/AllstateRingBearer720p445.jpg.npy,6
output/allstate_tv/output/image_vectors/AllstateObservation720p200.jpg.npy,2
output/allstate_tv/output/image_vectors/AllstateObservation720p740.jpg.npy,2
output/allstate_tv/output/image_vectors/AllstateTinCan720p830.jpg.npy,16
output/allstate_tv/output/image_vectors/AllstateRingBearer720p460.jpg.npy,9
output/allstate_tv/output/image_vectors/AllstateTinCan720p680.jpg.npy,18
output/allstate_tv/output/image_vectors/AllstateTinCan720p485.jpg.npy,15
output/allstate_tv/output/image_vectors/AllstateObservation720p375.jpg.npy,19
output/allstate_tv/output/image_vectors/AllstateObservation720p505.jpg.npy,11
output/allstate_tv/output/image_vectors/AllstateWeddingsAreMayhem720p725.jpg.npy,1
output/allstate_tv/output/image_vectors/AllstateTinCan720p180.jpg.npy,5
output/allstate_tv/output/image_vectors/AllstateParkRoadAmerica720p795.jpg.npy,10
output/allstate_tv/output/image_vectors/AllstateWeddingsAreMayhem720p850.jpg.npy,1
output/allstate_tv/output/image_vectors/AllstateTinCan720p820.jpg.npy,16
output/allstate_tv/output/image_vectors/AllstateRingBearer720p840.jpg.npy,1
output/allstate_tv/output/image_vectors/AllstateParkRoadAmerica720p270.jpg.npy,12
output/allstate_tv/output/image_vectors/AllstateTinCan720p405.jpg.npy,17
output/allstate_tv/output/image_vectors/AllstateParkRoadAmerica720p760.jpg.npy,10
output/allstate_tv/output/image_vectors/AllstateParkRoadAmerica720p700.jpg.npy,10
output/allstate_tv/output/image_vectors/AllstateWeddingsAreMayhem720p350.jpg.npy,1
output/allstate_tv/output/image_vectors/AllstateParkRoadAmerica720p245.jpg.npy,5
output/allstate_tv/output/image_vectors/AllstateRingBearer720p455.jpg.npy,9
output/allstate_tv/output/image_vectors/AllstateWeddingsAreMayhem720p55.jpg.npy,17
output/allstate_tv/output/image_vectors/AllstateWeddingsAreMayhem720p110.jpg.npy,3
output/allstate_tv/output/image_vectors/AllstateRingBearer720p435.jpg.npy,6
output/allstate_tv/output/image_vectors/AllstateWeddingsAreMayhem720p635.jpg.npy,15
output/allstate_tv/output/image_vectors/AllstateParkRoadAmerica720p575.jpg.npy,0
output/allstate_tv/output/image_vectors/AllstateTinCan720p325.jpg.npy,16
output/allstate_tv/output/image_vectors/AllstateObservation720p395.jpg.npy,19
output/allstate_tv/output/image_vectors/AllstateWeddingsAreMayhem720p735.jpg.npy,1
output/allstate_tv/output/image_vectors/AllstateObservation720p330.jpg.npy,4
output/allstate_tv/output/image_vectors/AllstateWeddingsAreMayhem720p170.jpg.npy,1
output/allstate_tv/output/image_vectors/AllstateTinCan720p785.jpg.npy,16
output/allstate_tv/output/image_vectors/AllstateObservation720p820.jpg.npy,4
output/allstate_tv/output/image_vectors/AllstateRingBearer720p55.jpg.npy,3
output/allstate_tv/output/image_vectors/AllstateObservation720p810.jpg.npy,2
output/allstate_tv/output/image_vectors/AllstateObservation720p255.jpg.npy,2
output/allstate_tv/output/image_vectors/AllstateObservation720p220.jpg.npy,2
output/allstate_tv/output/image_vectors/AllstateParkRoadAmerica720p390.jpg.npy,12
output/allstate_tv/output/image_vectors/AllstateParkRoadAmerica720p80.jpg.npy,5
output/allstate_tv/output/image_vectors/AllstateWeddingsAreMayhem720p640.jpg.npy,15
output/allstate_tv/output/image_vectors/AllstateParkRoadAmerica720p25.jpg.npy,5
output/allstate_tv/output/image_vectors/AllstateParkRoadAmerica720p715.jpg.npy,10
output/allstate_tv/output/image_vectors/AllstateObservation720p885.jpg.npy,4
output/allstate_tv/output/image_vectors/AllstateParkRoadAmerica720p650.jpg.npy,12
output/allstate_tv/output/image_vectors/AllstateParkRoadAmerica720p350.jpg.npy,12
output/allstate_tv/output/image_vectors/AllstateTinCan720p490.jpg.npy,15
output/allstate_tv/output/image_vectors/AllstateWeddingsAreMayhem720p180.jpg.npy,1
output/allstate_tv/output/image_vectors/AllstateTinCan720p130.jpg.npy,4
output/allstate_tv/output/image_vectors/AllstateObservation720p545.jpg.npy,4
output/allstate_tv/output/image_vectors/AllstateParkRoadAmerica720p670.jpg.npy,10
output/allstate_tv/output/image_vectors/AllstateRingBearer720p410.jpg.npy,6
output/allstate_tv/output/image_vectors/AllstateTinCan720p465.jpg.npy,18
output/allstate_tv/output/image_vectors/AllstateTinCan720p795.jpg.npy,16
output/allstate_tv/output/image_vectors/AllstateTinCan720p415.jpg.npy,3
output/allstate_tv/output/image_vectors/AllstateParkRoadAmerica720p55.jpg.npy,5
output/allstate_tv/output/image_vectors/AllstateWeddingsAreMayhem720p625.jpg.npy,5
output/allstate_tv/output/image_vectors/AllstateParkRoadAmerica720p570.jpg.npy,0
output/allstate_tv/output/image_vectors/AllstateTinCan720p370.jpg.npy,15
output/allstate_tv/output/image_vectors/AllstateObservation720p620.jpg.npy,2
output/allstate_tv/output/image_vectors/AllstateWeddingsAreMayhem720p760.jpg.npy,1
output/allstate_tv/output/image_vectors/AllstateTinCan720p635.jpg.npy,17
output/allstate_tv/output/image_vectors/AllstateTinCan720p445.jpg.npy,5
output/allstate_tv/output/image_vectors/AllstateWeddingsAreMayhem720p250.jpg.npy,9
output/allstate_tv/output/image_vectors/AllstateParkRoadAmerica720p680.jpg.npy,10
